<?xml version="1.0" encoding="UTF-8"?>
<!DOCTYPE suite SYSTEM "http://testng.org/testng-1.0.dtd">
<suite name="All Test Suite" parallel="methods" thread-count="2">
    <test verbose="2" preserve-order="true"
          name="paralel test">
        <classes>
            <class name="techproed.tests.day25_xmlfiles_paralleltesting.C01_ParallelTest">
                <methods>
                    <include name="test02"/>
                    <include name="test01"/>
                </methods>
            </class>
        </classes>
    </test>
</suite>