<?xml version="1.0" encoding="UTF-8"?>
<!DOCTYPE suite SYSTEM "http://testng.org/testng-1.0.dtd">
<suite name="All Test Suite">
    <test verbose="1" preserve-order="true"
          name="C:/Users/mua/IdeaProjects/Batch189TestNGNT/src/test/java/techproed/tests/day19_annotations">
        <classes>
            <class name="techproed.tests.day19_annotations.C01_Notasyonlar">
                <methods>
                    <include name="test01"/>
                    <include name="test02"/>
                    <include name="test03"/>
                </methods>
            </class>
        </classes>
    </test>
</suite>